name,start,finish
"E18","10.00592,59.05675","9.72255,59.11789"
"Rv32","9.88154,59.310403","9.636917,59.23899"
"Rv40","9.88265,59.31019","10.06494,59.08767"