{"1": 0.050765429957464026, "2": 0.9051841909515969, "3": 0.2256716462816638, "4": 0.23283655980595275, "5": 0.10019795904533091, "6": 0.3302936234873388, "7": 0.47240390703488067, "8": 0.6811919865814302, "9": 0.13746703419969553, "10": 0.9645187672253889, "11": 0.9779107118330872, "12": 0.15794107621094167, "13": 0.6528927977012998, "14": 0.8806474572300882, "15": 0.47569964436775825, "16": 0.6505386918742654, "17": 0.7559110594087395, "18": 0.28724503756439457, "19": 0.28541534130199187, "20": 0.05916258624149073, "21": 0.7687249935378188, "22": 0.6522987304190796, "23": 0.232220199221017, "24": 0.7386865222686355, "25": 0.8503331015755935, "26": 0.037298246571643046, "27": 0.921470881812757, "28": 0.41788498224500537, "29": 0.8376048890932553, "30": 0.9339226105782003, "31": 0.03633984921255551}